Dataset,Model,Loss,Accuracy,Precision,Recall,F1-Score,ROC_AUC,PR_AUC,,
credit_card_fraud,xgboost_gblinear,CE,0.999169037,0.859813084,0.621621622,0.721568627,0.956389549,0.71130676,,
credit_card_fraud,xgboost_gblinear,WCE,0.999309481,0.815602837,0.777027027,0.795847751,0.973329367,0.697818811,,
credit_card_fraud,xgboost_gblinear,WCE(sq),0.999321185,0.826086957,0.77027027,0.797202797,0.967638783,0.699769569,,
credit_card_fraud,xgboost_gblinear,PS-WCE,0.999332889,0.837037037,0.763513514,0.798586572,0.96957887,0.701054542,,
credit_card_fraud,xgboost_gblinear,CB,0.999356296,0.860465116,0.75,0.801444043,0.970208957,0.703816709,,
credit_card_fraud,xgboost_gblinear,Focal,0.99918074,0.778571429,0.736486486,0.756944444,0.963954669,0.71479722,,
credit_card_fraud,xgboost_gblinear,LWCE,0.999169037,0.789473684,0.709459459,0.747330961,0.960025341,0.716479934,,
credit_card_fraud,xgboost_gblinear,PLWCE,0.999356296,0.844444444,0.77027027,0.80565371,0.969398217,0.700994194,,
aps_failure,xgboost_gblinear,CE,0.989625,0.833865815,0.696,0.75872093,0.974102869,0.811970524,,F
aps_failure,xgboost_gblinear,WCE,0.9761875,0.495762712,0.936,0.648199446,0.988392533,0.813315196,,
aps_failure,xgboost_gblinear,WCE(sq),0.987625,0.694505495,0.842666667,0.761445783,0.983773269,0.824697396,,
aps_failure,xgboost_gblinear,PS-WCE,0.9893125,0.762886598,0.789333333,0.775884666,0.982310912,0.824600327,,
aps_failure,xgboost_gblinear,CB,0.989625,0.842622951,0.685333333,0.755882353,0.979263488,0.826889311,,
aps_failure,xgboost_gblinear,Focal,0.9894375,0.77688172,0.770666667,0.773761714,0.980581376,0.826385609,,
aps_failure,xgboost_gblinear,LWCE,0.989625,0.81570997,0.72,0.764872521,0.980786347,0.823717086,,
aps_failure,xgboost_gblinear,PLWCE,0.989625,0.792717087,0.754666667,0.773224044,0.979726592,0.827823715,,
bank_marketing,xgboost_gblinear,CE,0.902314951,0.654117647,0.350346566,0.456298728,0.904987605,0.548142496,,
bank_marketing,xgboost_gblinear,WCE,0.873562371,0.472508591,0.693131695,0.561941252,0.897561799,0.539149811,,
bank_marketing,xgboost_gblinear,WCE(sq),0.895753465,0.550028918,0.599243856,0.57358263,0.906872493,0.545338627,,
bank_marketing,xgboost_gblinear,PS-WCE,0.892657033,0.535929786,0.615626969,0.573020528,0.90730135,0.545005464,,
bank_marketing,xgboost_gblinear,CB,0.892657033,0.555367709,0.413988658,0.474368231,0.871773109,0.502620445,,
bank_marketing,xgboost_gblinear,Focal,0.896564435,0.555555556,0.579710145,0.567375887,0.906907269,0.545526788,,
bank_marketing,xgboost_gblinear,LWCE,0.90342082,0.642051282,0.394454946,0.488680718,0.905420145,0.547621056,,
bank_marketing,xgboost_gblinear,PLWCE,0.899808316,0.576612903,0.540642722,0.55804878,0.906523262,0.546208635,,
telco_churn,xgboost_gblinear,CE,0.794604827,0.625742574,0.563279857,0.592870544,0.836031824,0.62803816,,
telco_churn,xgboost_gblinear,WCE,0.743965925,0.511441648,0.796791444,0.622996516,0.844494253,0.642573433,,
telco_churn,xgboost_gblinear,WCE(sq),0.791765263,0.5968,0.664884135,0.629005059,0.834137884,0.628854721,,
telco_churn,xgboost_gblinear,PS-WCE,0.787979177,0.589540412,0.663101604,0.624161074,0.838413892,0.640724429,,
telco_churn,xgboost_gblinear,CB,0.791765263,0.59618442,0.668449198,0.630252101,0.834820116,0.626417432,,
telco_churn,xgboost_gblinear,Focal,0.780407004,0.572280179,0.684491979,0.623376623,0.841014756,0.635223393,,
telco_churn,xgboost_gblinear,LWCE,0.789398959,0.590625,0.673796791,0.629475437,0.833111091,0.624775482,,
telco_churn,xgboost_gblinear,PLWCE,0.789398959,0.590909091,0.67201426,0.628857381,0.831725954,0.623503151,,
german_credit,xgboost_gblinear,CE,0.773333333,0.648648649,0.533333333,0.585365854,0.797301587,0.639536576,,
german_credit,xgboost_gblinear,WCE,0.73,0.534883721,0.766666667,0.630136986,0.796613757,0.631014652,,
german_credit,xgboost_gblinear,WCE(sq),0.753333333,0.578431373,0.655555556,0.614583333,0.798095238,0.64443499,,
german_credit,xgboost_gblinear,PS-WCE,0.74,0.556603774,0.655555556,0.602040816,0.795555556,0.639388521,,
german_credit,xgboost_gblinear,CB,0.753333333,0.574074074,0.688888889,0.626262626,0.795608466,0.641455131,,
german_credit,xgboost_gblinear,Focal,0.73,0.539823009,0.677777778,0.600985222,0.796137566,0.64074212,,
german_credit,xgboost_gblinear,LWCE,0.76,0.604651163,0.577777778,0.590909091,0.792857143,0.640794495,,
german_credit,xgboost_gblinear,PLWCE,0.766666667,0.602040816,0.655555556,0.627659574,0.797037037,0.641531479,,
secom,xgboost_gblinear,CE,0.91507431,0.235294118,0.129032258,0.166666667,0.69670088,0.140846038,,
secom,xgboost_gblinear,WCE,0.821656051,0.188235294,0.516129032,0.275862069,0.742375367,0.167247575,,
secom,xgboost_gblinear,WCE(sq),0.898089172,0.185185185,0.161290323,0.172413793,0.690029326,0.136855746,,
secom,xgboost_gblinear,PS-WCE,0.908704883,0.227272727,0.161290323,0.188679245,0.684677419,0.135779416,,
secom,xgboost_gblinear,CB,0.912951168,0.1875,0.096774194,0.127659574,0.703079179,0.141676046,,
secom,xgboost_gblinear,Focal,0.900212314,0.166666667,0.129032258,0.145454545,0.700806452,0.138867794,,
secom,xgboost_gblinear,LWCE,0.910828025,0.260869565,0.193548387,0.222222222,0.756158358,0.176872109,,
secom,xgboost_gblinear,PLWCE,0.874734607,0.181818182,0.258064516,0.213333333,0.747727273,0.171427833,,
credit_card_default,xgboost_gblinear,CE,0.808888889,0.698389458,0.239578101,0.356768886,0.716199033,0.498208861,,
credit_card_default,xgboost_gblinear,WCE,0.778444444,0.499252616,0.503264691,0.501250625,0.686528851,0.448505417,,
credit_card_default,xgboost_gblinear,WCE(sq),0.803777778,0.574454004,0.435961828,0.495716733,0.704927632,0.483468038,,
credit_card_default,xgboost_gblinear,PS-WCE,0.805666667,0.586925287,0.41034656,0.483003252,0.689842521,0.479178435,,
credit_card_default,xgboost_gblinear,CB,0.799333333,0.560418027,0.430939227,0.487223169,0.684265276,0.471968175,,
credit_card_default,xgboost_gblinear,Focal,0.804444444,0.572142411,0.460070316,0.510022272,0.691896707,0.48091801,,
credit_card_default,xgboost_gblinear,LWCE,0.798666667,0.557928803,0.432948267,0.487556561,0.68653272,0.472595662,,
credit_card_default,xgboost_gblinear,PLWCE,0.802666667,0.573984859,0.418884982,0.484320557,0.699515669,0.479427106,,
glass,xgboost_gblinear,CE,0.692307692,0.660117845,0.675494594,0.660915574,0.911868835,0.730543408,,
glass,xgboost_gblinear,WCE,0.615384615,0.656535948,0.740850012,0.667857143,0.914904655,0.694753376,,
glass,xgboost_gblinear,WCE(sq),0.692307692,0.67189441,0.773360939,0.707344118,0.918230471,0.734883598,,
glass,xgboost_gblinear,PS-WCE,0.692307692,0.686694678,0.772670807,0.719229698,0.915338314,0.7054745,,
glass,xgboost_gblinear,CB,0.676923077,0.679184704,0.790821256,0.70950545,0.916953572,0.735605194,,
glass,xgboost_gblinear,Focal,0.646153846,0.675925926,0.801725328,0.697577277,0.919875336,0.743514632,,
glass,xgboost_gblinear,LWCE,0.723076923,0.726695906,0.761766736,0.736138353,0.916809429,0.739542029,,
glass,xgboost_gblinear,PLWCE,0.646153846,0.648465423,0.750931677,0.678142061,0.91101766,0.719428275,,
steel_faults,xgboost_gblinear,CE,0.715265866,0.696007286,0.719159964,0.705621209,0.92800162,0.725619525,,
steel_faults,xgboost_gblinear,WCE,0.631217839,0.60091515,0.73144709,0.62795106,0.921683679,0.720657583,,
steel_faults,xgboost_gblinear,WCE(sq),0.689536878,0.661869144,0.744969577,0.69063589,0.927443392,0.724799284,,
steel_faults,xgboost_gblinear,PS-WCE,0.703259005,0.673880934,0.736921449,0.698047769,0.927463627,0.725804382,,
steel_faults,xgboost_gblinear,CB,0.711835334,0.690334745,0.725441685,0.706014826,0.927798652,0.724673412,,
steel_faults,xgboost_gblinear,Focal,0.670668954,0.641165705,0.724452689,0.666529111,0.919148823,0.707235149,,
steel_faults,xgboost_gblinear,LWCE,0.716981132,0.688611529,0.739259646,0.710280344,0.928483765,0.726246446,,
steel_faults,xgboost_gblinear,PLWCE,0.703259005,0.670575986,0.736921449,0.695874573,0.927869228,0.726302539,,
yeast,xgboost_gblinear,CE,0.571748879,0.593187319,0.56670671,0.577161278,0.853499794,0.597108458,,
yeast,xgboost_gblinear,WCE,0.477578475,0.423357516,0.551408117,0.447291538,0.842899634,0.569720689,,
yeast,xgboost_gblinear,WCE(sq),0.542600897,0.499343077,0.556074755,0.52115798,0.853771444,0.593290431,,
yeast,xgboost_gblinear,PS-WCE,0.551569507,0.511755437,0.566871525,0.533360716,0.854352647,0.593401682,,
yeast,xgboost_gblinear,CB,0.556053812,0.499143862,0.559146194,0.518361497,0.855412214,0.59194714,,
yeast,xgboost_gblinear,Focal,0.5,0.450440115,0.549154639,0.461905493,0.840718932,0.51420419,,
yeast,xgboost_gblinear,LWCE,0.565022422,0.525378679,0.566617991,0.540686278,0.856150143,0.598044087,,
yeast,xgboost_gblinear,PLWCE,0.553811659,0.507188948,0.560433854,0.52767208,0.855788344,0.594121067,,
page_blocks,xgboost_gblinear,CE,0.96589525,0.8792267,0.788452302,0.829189133,0.981237299,0.885347918,,
page_blocks,xgboost_gblinear,WCE,0.015834348,0.00316687,0.2,0.006235012,0.5,0.2,,
page_blocks,xgboost_gblinear,WCE(sq),0.952496955,0.77590791,0.910847892,0.834884152,0.982406511,0.883134314,,
page_blocks,xgboost_gblinear,PS-WCE,0.948233861,0.746784134,0.906129062,0.813494927,0.982143294,0.882191867,,
page_blocks,xgboost_gblinear,CB,0.959196102,0.797211796,0.891592189,0.83803223,0.982450715,0.883459535,,
page_blocks,xgboost_gblinear,Focal,0.946406821,0.727320932,0.892436883,0.791664747,0.975077576,0.842979425,,
page_blocks,xgboost_gblinear,LWCE,0.961632156,0.829486598,0.802522246,0.815251274,0.982016328,0.891915863,,
page_blocks,xgboost_gblinear,PLWCE,0.958587089,0.798871253,0.876014773,0.834403486,0.982790886,0.893375814,,
