Dataset,Model,Loss,Accuracy,Precision,Recall,F1-Score,ROC_AUC,PR_AUC
credit_card_fraud,xgboost_gblinear,standard_ce,0.9991573329588147,0.8584905660377359,0.6148648648648649,0.7165354330708661,0.9567183368373355,0.710083408
credit_card_fraud,xgboost_gblinear,weighted_ce_inv,0.9993094811745842,0.8156028368794326,0.777027027,0.7958477508650519,0.9733414873341012,0.6980817091323622
credit_card_fraud,xgboost_gblinear,weighted_ce_inv_sqrt,0.9993211848834895,0.8260869565217391,0.7702702702702703,0.7972027972027972,0.9705522804004544,0.700214449
credit_card_fraud,xgboost_gblinear,class_balanced_ce,0.999133926,0.8557692307692307,0.6013513513513513,0.7063492063492064,0.9678619354450293,0.7107938389673234
credit_card_fraud,xgboost_gblinear,focal_loss,0.032899126,0.001787871,1,0.003569361,0.9706452011540234,0.5824375804372209
credit_card_fraud,xgboost_gblinear,adaptive_ce,0.999169037,0.7894736842105263,0.7094594594594594,0.7473309608540926,0.9595572916254083,0.7162823889081462
credit_card_fraud,xgboost_gblinear,power_scaled_adaptive_ce,0.999169037,0.7692307692307693,0.7432432432432432,0.7560137457044673,0.9602517415709866,0.7070538720628706
aps_failure,xgboost_gblinear,standard_ce,0.9895625,0.8333333333333334,0.6933333333333334,0.7569141193595342,0.9742111573333332,0.8082963325587617
aps_failure,xgboost_gblinear,weighted_ce_inv,0.976,0.4936708860759494,0.936,0.6464088397790055,0.9887213226666667,0.8105183513684798
aps_failure,xgboost_gblinear,weighted_ce_inv_sqrt,0.9875625,0.6929824561403509,0.8426666666666667,0.7605294825511432,0.9837210453333333,0.8243453888515022
aps_failure,xgboost_gblinear,class_balanced_ce,0.98975,0.8187311178247734,0.7226666666666667,0.7677053824362606,0.9795464533333333,0.8241423420502945
aps_failure,xgboost_gblinear,focal_loss,0.62625,0.020037677684535023,0.312,0.037656904,0.471911168,0.022382113472745973
aps_failure,xgboost_gblinear,adaptive_ce,0.9896875,0.8143712574850299,0.7253333333333334,0.767277856,0.9795961173333334,0.8236007246448223
aps_failure,xgboost_gblinear,power_scaled_adaptive_ce,0.9896875,0.8017241379310345,0.744,0.7717842323651453,0.9793194666666667,0.8258559000201082
bank_marketing,xgboost_gblinear,standard_ce,0.9021675022117369,0.6536643026004728,0.3484562066792691,0.4545828195643239,0.9054179616160969,0.548235796
bank_marketing,xgboost_gblinear,weighted_ce_inv,0.853288116,0.4292237442922374,0.7700063011972275,0.5511953089760938,0.9051084258902237,0.5418001510761153
bank_marketing,xgboost_gblinear,weighted_ce_inv_sqrt,0.8971542317900324,0.5574850299401197,0.5866414618777568,0.5716917408658274,0.9078261953347992,0.5458934844328498
bank_marketing,xgboost_gblinear,class_balanced_ce,0.8951636685343557,0.5747960108794198,0.39949590422180214,0.47137546468401487,0.8786879062837252,0.512654157
bank_marketing,xgboost_gblinear,focal_loss,0.38535830138602184,0.15384615384615385,0.945179584,0.2646202699126753,0.8000741444205784,0.4049376270593514
bank_marketing,xgboost_gblinear,adaptive_ce,0.90342082,0.642051282,0.39445494643982354,0.4886807181889149,0.9054220915650186,0.5476190827798859
bank_marketing,xgboost_gblinear,power_scaled_adaptive_ce,0.9024624004718372,0.6049284578696343,0.47952110901071204,0.5349736379613357,0.9063281813141224,0.5470209649968178
telco_churn,xgboost_gblinear,standard_ce,0.807382868,0.6638297872340425,0.5561497326203209,0.6052376333656644,0.8445424913170517,0.6420731271059514
telco_churn,xgboost_gblinear,weighted_ce_inv,0.7453857075248462,0.5132336018411968,0.7950089126559715,0.6237762237762238,0.8430505402723413,0.6389612391663575
telco_churn,xgboost_gblinear,weighted_ce_inv_sqrt,0.780407004,0.5722801788375559,0.6844919786096256,0.6233766233766234,0.8395808065494239,0.6401507086666581
telco_churn,xgboost_gblinear,class_balanced_ce,0.7917652626597255,0.5964912280701754,0.6666666666666666,0.6296296296296297,0.8349395639230387,0.6267086366203064
telco_churn,xgboost_gblinear,focal_loss,0.5882631329862754,0.3844427823485415,0.9162210338680927,0.541622761,0.824724466,0.618297302
telco_churn,xgboost_gblinear,adaptive_ce,0.7898722195929957,0.5930047694753577,0.6648841354723708,0.626890756,0.8364728623408125,0.6308377691857707
telco_churn,xgboost_gblinear,power_scaled_adaptive_ce,0.7827733080927591,0.5791925465838509,0.6648841354723708,0.6190871369294606,0.8397220767407244,0.6357844361246338
german_credit,xgboost_gblinear,standard_ce,0.78,0.6578947368421053,0.5555555555555556,0.6024096385542169,0.7971957671957671,0.6395584693144702
german_credit,xgboost_gblinear,weighted_ce_inv,0.7366666666666667,0.5433070866141733,0.7666666666666667,0.6359447004608295,0.798941799,0.6293622986669031
german_credit,xgboost_gblinear,weighted_ce_inv_sqrt,0.7533333333333333,0.5784313725490197,0.6555555555555556,0.6145833333333334,0.7978835978835979,0.6441508796040181
german_credit,xgboost_gblinear,class_balanced_ce,0.74,0.573170732,0.5222222222222223,0.5465116279069767,0.7838624338624339,0.6267898629132431
german_credit,xgboost_gblinear,focal_loss,0.4633333333333333,0.35269709543568467,0.9444444444444444,0.513595166,0.7826455026455027,0.622949571
german_credit,xgboost_gblinear,adaptive_ce,0.76,0.6046511627906976,0.5777777777777777,0.5909090909090909,0.7924867724867725,0.6407590403812263
german_credit,xgboost_gblinear,power_scaled_adaptive_ce,0.7733333333333333,0.6195652173913043,0.6333333333333333,0.6263736263736264,0.7975132275132275,0.641939658
secom,xgboost_gblinear,standard_ce,0.921443737,0.25,0.096774194,0.13953488372093023,0.6838709677419356,0.1369485115892781
secom,xgboost_gblinear,weighted_ce_inv,0.821656051,0.18823529411764706,0.5161290322580645,0.27586206896551724,0.7424486803519061,0.16694972227672522
secom,xgboost_gblinear,weighted_ce_inv_sqrt,0.8726114649681529,0.16279069767441862,0.22580645161290322,0.1891891891891892,0.7379765395894429,0.16330742981743374
secom,xgboost_gblinear,class_balanced_ce,0.9171974522292994,0.21428571428571427,0.096774194,0.13333333333333333,0.7063049853372434,0.14447445754206223
secom,xgboost_gblinear,focal_loss,0.4182590233545648,0.088135593,0.8387096774193549,0.15950920245398773,0.681891496,0.14860589437842592
secom,xgboost_gblinear,adaptive_ce,0.9171974522292994,0.21428571428571427,0.096774194,0.13333333333333333,0.7033724340175953,0.14208878823739365
secom,xgboost_gblinear,power_scaled_adaptive_ce,0.9002123142250531,0.16666666666666666,0.12903225806451613,0.14545454545454545,0.6939882697947214,0.1378692545985305
credit_card_default,xgboost_gblinear,standard_ce,0.8088888888888889,0.698389458,0.2395781014565545,0.3567688855646971,0.7163041218655587,0.498245383
credit_card_default,xgboost_gblinear,weighted_ce_inv,0.7784444444444445,0.4992526158445441,0.5032646911099949,0.5012506253126563,0.7045426060875022,0.4943104753592832
credit_card_default,xgboost_gblinear,weighted_ce_inv_sqrt,0.8061111111111111,0.5862552594670407,0.4198895027624309,0.4893181153058238,0.7081705024586671,0.4858879309493944
credit_card_default,xgboost_gblinear,class_balanced_ce,0.7936666666666666,0.5410539215686274,0.4434957307885485,0.4874413469500414,0.6870145573757899,0.46902147208917444
credit_card_default,xgboost_gblinear,focal_loss,0.3844444444444444,0.2478328833309649,0.8759417378201909,0.38635356668143556,0.6935183572186983,0.4621317615518775
credit_card_default,xgboost_gblinear,adaptive_ce,0.801,0.5656167979002624,0.43294826720241086,0.4904694167852063,0.6832724718789123,0.4732172246603574
credit_card_default,xgboost_gblinear,power_scaled_adaptive_ce,0.7992222222222222,0.5598179453836151,0.4324460070316424,0.4879569283083026,0.6902498323351072,0.4741179351423143
glass,xgboost_gblinear,standard_ce,0.7230769230769231,0.6733333333333333,0.7356797791580401,0.6996396451188639,0.9154695286532594,0.7403683160793211
glass,xgboost_gblinear,weighted_ce_inv,0.5846153846153846,0.6230158730158729,0.7466528640441684,0.6401550578219385,0.919202145,0.7616032474501061
glass,xgboost_gblinear,weighted_ce_inv_sqrt,0.6923076923076923,0.687235803,0.7726708074534162,0.7207346531703936,0.9189506650691784,0.7359070394356008
glass,xgboost_gblinear,class_balanced_ce,0.6461538461538462,0.6484654234654235,0.7509316770186336,0.6781420605778011,0.9117535908068867,0.7234254079916521
glass,xgboost_gblinear,focal_loss,0.6461538461538462,0.6712962962962963,0.790453186,0.6957152641363168,0.9151964714938067,0.7077576841973808
glass,xgboost_gblinear,adaptive_ce,0.7230769230769231,0.6978070175438597,0.7617667356797792,0.7201963241436925,0.9177545423513166,0.7396368385374595
glass,xgboost_gblinear,power_scaled_adaptive_ce,0.6615384615384615,0.6575396825396825,0.7581780538302277,0.6876673666147349,0.9177586203988728,0.7368172605955873
steel_faults,xgboost_gblinear,standard_ce,0.7152658662092625,0.7024003286501783,0.719159964,0.7083552184495752,0.9266783593065757,0.731641597
steel_faults,xgboost_gblinear,weighted_ce_inv,0.6312178387650086,0.6010004067110524,0.7305002423497279,0.6283977730751159,0.9219989483744077,0.7184931712829836
steel_faults,xgboost_gblinear,weighted_ce_inv_sqrt,0.6912521440823327,0.6606351513050513,0.74800909,0.6900446238931778,0.9270654865528076,0.7243356327714798
steel_faults,xgboost_gblinear,class_balanced_ce,0.7049742710120068,0.6765557783807166,0.7244717067642545,0.6975385149162866,0.9269368063626329,0.727037016
steel_faults,xgboost_gblinear,focal_loss,0.6620926243567753,0.6503696827177585,0.6957911700186895,0.6582596821671817,0.9148299042040959,0.6933373712029846
steel_faults,xgboost_gblinear,adaptive_ce,0.7032590051457976,0.6787358149853516,0.7308365768899687,0.7004471471359166,0.9259146725823949,0.726090735
steel_faults,xgboost_gblinear,power_scaled_adaptive_ce,0.7084048027444254,0.6793212770355471,0.7362373656563282,0.7022508616176909,0.9271505734661443,0.7258744087678956
yeast,xgboost_gblinear,standard_ce,0.5807174887892377,0.5971500971210695,0.5728776298580215,0.5824158052050533,0.8532847874860441,0.5980382143744275
yeast,xgboost_gblinear,weighted_ce_inv,0.48654708520179374,0.4275036951352741,0.5732771673946274,0.45790078173914245,0.8388260994705469,0.5563607769574042
yeast,xgboost_gblinear,weighted_ce_inv_sqrt,0.5605381165919282,0.5001324891324892,0.572447776,0.525522458,0.8550538618065915,0.5931100534873547
yeast,xgboost_gblinear,class_balanced_ce,0.5739910313901345,0.5443144883285729,0.577139525,0.5552759411798582,0.8552212967023568,0.599774253
yeast,xgboost_gblinear,focal_loss,0.47085201793721976,0.4579805303985632,0.5438004107806812,0.4661111363731396,0.84232893,0.5676648662665345
yeast,xgboost_gblinear,adaptive_ce,0.5650224215246636,0.5253786789835552,0.5666179910609683,0.5406862780545645,0.8555653895623585,0.5993130493915002
yeast,xgboost_gblinear,power_scaled_adaptive_ce,0.5582959641255605,0.5027497311925326,0.5747370593855865,0.5283153027153346,0.8550387265068397,0.59399635
page_blocks,xgboost_gblinear,standard_ce,0.9646772228989038,0.8506481829866532,0.7826023313336746,0.8142601709416362,0.9797006548268807,0.8772288739115955
page_blocks,xgboost_gblinear,weighted_ce_inv,0.9074299634591961,0.6170025350658969,0.9268156718902988,0.7129757293385024,0.9769028685812536,0.8458971730751109
page_blocks,xgboost_gblinear,weighted_ce_inv_sqrt,0.060292326,0.012058465286236298,0.2,0.022745548535324525,0.5,0.2
page_blocks,xgboost_gblinear,class_balanced_ce,0.9658952496954933,0.8566200330111318,0.7940309027622461,0.8233925647980701,0.9809295250239188,0.8915697025862798
page_blocks,xgboost_gblinear,focal_loss,0.9464068209500609,0.7202711920517446,0.8868582826791782,0.7850662657135318,0.9755914542507347,0.8555434135958666
page_blocks,xgboost_gblinear,adaptive_ce,0.9622411693057247,0.8359765756459605,0.7932167915003736,0.8135346325499778,0.9812889873953237,0.8890536508440195
page_blocks,xgboost_gblinear,power_scaled_adaptive_ce,0.9610231425091352,0.8377519169847911,0.7891763874599695,0.8122190212444828,0.9732923576626746,0.8166228378167484
credit_card_fraud,xgboost_gblinear,power_scaled_inv_ce,0.999157333,0.858490566,0.614864865,0.716535433,0.956329702,0.710087691
aps_failure,xgboost_gblinear,power_scaled_inv_ce,0.9895625,0.833333333,0.693333333,0.756914119,0.974203733,0.809897898
bank_marketing,xgboost_gblinear,power_scaled_inv_ce,0.902241227,0.653710247,0.349716446,0.455665025,0.905203915,0.548182474
telco_churn,xgboost_gblinear,power_scaled_inv_ce,0.805489825,0.662337662,0.545454545,0.598240469,0.843333081,0.639576833
german_credit,xgboost_gblinear,power_scaled_inv_ce,0.77,0.647887324,0.511111111,0.571428571,0.796772487,0.637955102
secom,xgboost_gblinear,power_scaled_inv_ce,0.91507431,0.235294118,0.129032258,0.166666667,0.688416422,0.137068376
credit_card_default,xgboost_gblinear,power_scaled_inv_ce,0.809,0.698830409,0.240080362,0.357383178,0.716031207,0.49816927
steel_faults,xgboost_gblinear,power_scaled_inv_ce,0.7135506,0.701216949,0.718452751,0.707565783,0.926356351,0.729146949
yeast,xgboost_gblinear,power_scaled_inv_ce,0.576233184,0.599435679,0.569466951,0.581524162,0.85436073,0.596125859
page_blocks,xgboost_gblinear,power_scaled_inv_ce,0.964677223,0.850648183,0.782602331,0.814260171,0.979680449,0.88164712
