Dataset,Model,Loss,F1-Score,ROC_AUC,PR_AUC,Accuracy,Precision,Recall
aps_failure,xgboost_gblinear,power_scaled_adaptive_ce,0.78308322,0.979429888,0.826499898,0.9900625,0.801675978,0.765333333
aps_failure,xgboost_gblinear,power_scaled_inv_ce,0.774278215,0.981581312,0.829899505,0.98925,0.762273902,0.786666667
aps_failure,xgboost_gblinear,focal_loss,0.77303989,0.979782059,0.825344587,0.9896875,0.798295455,0.749333333
aps_failure,xgboost_gblinear,adaptive_ce,0.771186441,0.980923904,0.823810237,0.989875,0.81981982,0.728
aps_failure,xgboost_gblinear,weighted_ce_inv_sqrt,0.759615385,0.983420757,0.824090791,0.9875,0.691466083,0.842666667
aps_failure,xgboost_gblinear,standard_ce,0.753665689,0.97323136,0.81074792,0.9895,0.83713355,0.685333333
aps_failure,xgboost_gblinear,class_balanced_ce,0.75147929,0.977462955,0.826665525,0.9895,0.843853821,0.677333333
aps_failure,xgboost_gblinear,weighted_ce_inv,0.651248844,0.988286379,0.807297781,0.9764375,0.498583569,0.938666667
bank_marketing,xgboost_gblinear,weighted_ce_inv_sqrt,0.573409708,0.906904612,0.545320406,0.89567974,0.549710983,0.599243856
bank_marketing,xgboost_gblinear,power_scaled_inv_ce,0.572351042,0.907353093,0.544955547,0.892583309,0.535714286,0.61436673
bank_marketing,xgboost_gblinear,focal_loss,0.569704285,0.906914792,0.54523888,0.89486877,0.546612623,0.594833018
bank_marketing,xgboost_gblinear,weighted_ce_inv,0.559511699,0.897401599,0.540222472,0.872309053,0.469083156,0.693131695
bank_marketing,xgboost_gblinear,power_scaled_adaptive_ce,0.547375596,0.906285672,0.546511065,0.902093778,0.596139569,0.505986137
bank_marketing,xgboost_gblinear,class_balanced_ce,0.475570033,0.872572425,0.503800015,0.893173105,0.558673469,0.413988658
bank_marketing,xgboost_gblinear,adaptive_ce,0.488680718,0.905417699,0.547618742,0.90342082,0.642051282,0.394454946
bank_marketing,xgboost_gblinear,standard_ce,0.454396056,0.905275071,0.548253541,0.902093778,0.652892562,0.348456207
credit_card_default,xgboost_gblinear,focal_loss,0.508776818,0.691364565,0.480345273,0.804111111,0.571339174,0.458563536
credit_card_default,xgboost_gblinear,power_scaled_inv_ce,0.506784824,0.689448036,0.479266613,0.802111111,0.564814815,0.459568056
credit_card_default,xgboost_gblinear,weighted_ce_inv,0.501250625,0.705342754,0.494614596,0.778444444,0.499252616,0.503264691
credit_card_default,xgboost_gblinear,weighted_ce_inv_sqrt,0.5,0.686329673,0.476896104,0.799333333,0.557063541,0.453540934
credit_card_default,xgboost_gblinear,power_scaled_adaptive_ce,0.491327836,0.69213071,0.476748342,0.801222222,0.566186107,0.433952788
credit_card_default,xgboost_gblinear,class_balanced_ce,0.488068182,0.683600313,0.471913714,0.799777778,0.561805101,0.431441487
credit_card_default,xgboost_gblinear,standard_ce,0.356768886,0.716180975,0.498201413,0.808888889,0.698389458,0.239578101
credit_card_default,xgboost_gblinear,adaptive_ce,0.487624467,0.686887935,0.47282978,0.799888889,0.562335958,0.430436966
credit_card_fraud,xgboost_gblinear,weighted_ce_inv_sqrt,0.802816901,0.967940756,0.70006678,0.999344592,0.838235294,0.77027027
credit_card_fraud,xgboost_gblinear,power_scaled_adaptive_ce,0.798586572,0.969305178,0.701261523,0.999332889,0.837037037,0.763513514
credit_card_fraud,xgboost_gblinear,power_scaled_inv_ce,0.797202797,0.969388672,0.701038236,0.999321185,0.826086957,0.77027027
credit_card_fraud,xgboost_gblinear,weighted_ce_inv,0.791666667,0.973310712,0.698316634,0.999297777,0.814285714,0.77027027
credit_card_fraud,xgboost_gblinear,focal_loss,0.756013746,0.961174176,0.715594311,0.999169037,0.769230769,0.743243243
credit_card_fraud,xgboost_gblinear,standard_ce,0.728682171,0.949504027,0.707103073,0.99918074,0.854545455,0.635135135
credit_card_fraud,xgboost_gblinear,adaptive_ce,0.747330961,0.959707486,0.716601076,0.999169037,0.789473684,0.709459459
credit_card_fraud,xgboost_gblinear,class_balanced_ce,0.716535433,0.957572843,0.710325957,0.999157333,0.858490566,0.614864865
german_credit,xgboost_gblinear,power_scaled_inv_ce,0.617801047,0.796878307,0.642528346,0.756666667,0.584158416,0.655555556
german_credit,xgboost_gblinear,power_scaled_adaptive_ce,0.614583333,0.797513228,0.643523409,0.753333333,0.578431373,0.655555556
german_credit,xgboost_gblinear,weighted_ce_inv,0.613953488,0.791005291,0.638159043,0.723333333,0.528,0.733333333
german_credit,xgboost_gblinear,weighted_ce_inv_sqrt,0.612244898,0.796507937,0.644364194,0.746666667,0.566037736,0.666666667
german_credit,xgboost_gblinear,class_balanced_ce,0.602040816,0.798730159,0.642055776,0.74,0.556603774,0.655555556
german_credit,xgboost_gblinear,focal_loss,0.594059406,0.796772487,0.644136034,0.726666667,0.535714286,0.666666667
german_credit,xgboost_gblinear,adaptive_ce,0.590909091,0.792698413,0.640913299,0.76,0.604651163,0.577777778
german_credit,xgboost_gblinear,standard_ce,0.571428571,0.796984127,0.638622906,0.77,0.647887324,0.511111111
glass,xgboost_gblinear,weighted_ce_inv_sqrt,0.707344118,0.918403004,0.735573729,0.692307692,0.67189441,0.773360939
glass,xgboost_gblinear,class_balanced_ce,0.699322473,0.917652853,0.739054899,0.661538462,0.672649573,0.783574879
glass,xgboost_gblinear,power_scaled_adaptive_ce,0.699322473,0.91748032,0.73829909,0.661538462,0.672649573,0.783574879
glass,xgboost_gblinear,power_scaled_inv_ce,0.670330014,0.913650996,0.701766404,0.630769231,0.644227994,0.769082126
glass,xgboost_gblinear,focal_loss,0.656289398,0.918276742,0.742674552,0.6,0.637050961,0.779986197
glass,xgboost_gblinear,standard_ce,0.638007926,0.911686159,0.724672372,0.676923077,0.615925926,0.668248217
glass,xgboost_gblinear,adaptive_ce,0.69929524,0.912238251,0.729120118,0.723076923,0.676234568,0.73636991
glass,xgboost_gblinear,weighted_ce_inv,0.629037546,0.917655676,0.745038785,0.569230769,0.613988095,0.739406487
page_blocks,xgboost_gblinear,class_balanced_ce,0.840316423,0.981172282,0.883075642,0.961632156,0.815879725,0.875230673
page_blocks,xgboost_gblinear,adaptive_ce,0.815251274,0.982044835,0.891907138,0.961632156,0.829486598,0.802522246
page_blocks,xgboost_gblinear,power_scaled_adaptive_ce,0.830024612,0.982620629,0.888647743,0.956760049,0.792037572,0.875607717
page_blocks,xgboost_gblinear,standard_ce,0.829189133,0.981303943,0.885514615,0.96589525,0.8792267,0.788452302
page_blocks,xgboost_gblinear,weighted_ce_inv_sqrt,0.824948532,0.982035563,0.879121458,0.952496955,0.776704307,0.885983577
page_blocks,xgboost_gblinear,focal_loss,0.787259276,0.974143436,0.85918433,0.945188794,0.724847237,0.884702395
page_blocks,xgboost_gblinear,weighted_ce_inv,0.143470851,0.659010475,0.259325289,0.107795371,0.282776478,0.503456494
page_blocks,xgboost_gblinear,power_scaled_inv_ce,0.006235012,0.5,0.2,0.015834348,0.00316687,0.2
secom,xgboost_gblinear,weighted_ce_inv,0.254545455,0.732697947,0.167475041,0.738853503,0.156716418,0.677419355
secom,xgboost_gblinear,class_balanced_ce,0.204081633,0.747140762,0.170030027,0.917197452,0.277777778,0.161290323
secom,xgboost_gblinear,weighted_ce_inv_sqrt,0.192307692,0.732624633,0.186888302,0.910828025,0.238095238,0.161290323
secom,xgboost_gblinear,adaptive_ce,0.130434783,0.705498534,0.1436964,0.91507431,0.2,0.096774194
secom,xgboost_gblinear,standard_ce,0.166666667,0.69457478,0.140127445,0.91507431,0.235294118,0.129032258
secom,xgboost_gblinear,focal_loss,0.163265306,0.701906158,0.14083123,0.912951168,0.222222222,0.129032258
secom,xgboost_gblinear,power_scaled_adaptive_ce,0.16,0.688343109,0.140250357,0.910828025,0.210526316,0.129032258
secom,xgboost_gblinear,power_scaled_inv_ce,0.148148148,0.76473607,0.17911861,0.902335456,0.173913043,0.129032258
steel_faults,xgboost_gblinear,standard_ce,0.704753076,0.927587578,0.725786412,0.715265866,0.695400995,0.717834336
steel_faults,xgboost_gblinear,adaptive_ce,0.705150084,0.928306626,0.726554488,0.711835334,0.68312668,0.734846069
steel_faults,xgboost_gblinear,power_scaled_adaptive_ce,0.704417748,0.927152801,0.726223668,0.706689537,0.678115884,0.746032024
steel_faults,xgboost_gblinear,power_scaled_inv_ce,0.696456153,0.928174522,0.723746813,0.703259005,0.670690716,0.739213385
steel_faults,xgboost_gblinear,weighted_ce_inv_sqrt,0.693741986,0.925201164,0.727115762,0.691252144,0.664102718,0.748936478
steel_faults,xgboost_gblinear,class_balanced_ce,0.686590408,0.925638621,0.72842113,0.701543739,0.679614646,0.698714564
steel_faults,xgboost_gblinear,focal_loss,0.659103275,0.924164279,0.710485517,0.665523156,0.637150536,0.711082704
steel_faults,xgboost_gblinear,weighted_ce_inv,0.627083774,0.921897905,0.723400411,0.629502573,0.600065377,0.730739877
telco_churn,xgboost_gblinear,class_balanced_ce,0.629100084,0.834825859,0.626443553,0.791292002,0.595541401,0.666666667
telco_churn,xgboost_gblinear,weighted_ce_inv_sqrt,0.625726141,0.834225173,0.627612396,0.786559394,0.585403727,0.67201426
telco_churn,xgboost_gblinear,weighted_ce_inv,0.624737945,0.842890893,0.638392101,0.745858968,0.513793103,0.796791444
telco_churn,xgboost_gblinear,power_scaled_adaptive_ce,0.623461854,0.842924201,0.638466552,0.782773308,0.577507599,0.677361854
telco_churn,xgboost_gblinear,focal_loss,0.622371741,0.836159311,0.628781651,0.787505916,0.589171975,0.659536542
telco_churn,xgboost_gblinear,power_scaled_inv_ce,0.620294599,0.841689523,0.636791983,0.780407004,0.573373676,0.675579323
telco_churn,xgboost_gblinear,adaptive_ce,0.625314334,0.83650617,0.634319784,0.788452437,0.590189873,0.664884135
telco_churn,xgboost_gblinear,standard_ce,0.606001936,0.84474004,0.642555025,0.807382868,0.663135593,0.557932264
yeast,xgboost_gblinear,adaptive_ce,0.556491229,0.853469362,0.596424144,0.569506726,0.546264978,0.576351115
yeast,xgboost_gblinear,class_balanced_ce,0.582508961,0.853501322,0.597347156,0.576233184,0.592105919,0.577187997
yeast,xgboost_gblinear,standard_ce,0.579132256,0.853961359,0.596443814,0.573991031,0.596392943,0.567426134
yeast,xgboost_gblinear,power_scaled_adaptive_ce,0.531097843,0.855192633,0.594329619,0.551569507,0.515256735,0.558337269
yeast,xgboost_gblinear,weighted_ce_inv_sqrt,0.52115798,0.853941795,0.593439894,0.542600897,0.499343077,0.556074755
yeast,xgboost_gblinear,power_scaled_inv_ce,0.51701048,0.853666835,0.590925564,0.549327354,0.492438171,0.564906993
yeast,xgboost_gblinear,focal_loss,0.465933986,0.838987865,0.505656859,0.5,0.452939733,0.559602095
yeast,xgboost_gblinear,weighted_ce_inv,0.462999212,0.833390097,0.484175509,0.477578475,0.433805832,0.581062446
